0,Eomer,Melkor,,melkor@pepe.cop,+666666666,True
1,Santiago,Woile,Willy,santiwilly@gmail.com,+5422154334533,True
2,Jose,San Martin,Pepe,,+54115985965,True
3,Juan Facundo,Quiroga,,facu.quiroga@gmail.com,,True
4,Frank,Mohl,Benji,benji@gmil.com,22154334343,True
5,Ivan,Lozdan,Htbalsamic,ivanlp8@gmil.ocp,+54221569856,True
6,Juan,Garmendia,Nigga,,+5422569859,True
7,Agustin,Villalba,El vivi,agustin.evi@gmail.ocp,+542256985966,True
8,Vitto,Matteucci,El fitu,fitu@gmail.com,+542215366999,True
